,Zip Code,Geographic Area Name,Total,Population over 65,Occupied housing units,Total,Median income (dollars),Mean income (dollars),Male population,Female population,White,Black or African American,American Indian and Alaska Native,Asian,Native Hawaiian and Other Pacific Islander,HISPANIC OR LATINO
6,90001,90001,57110,4132,13669,13669,43360,54325,30910,28922,25059,5338,459,189,11,59832
7,90002,90002,51223,3339,12917,12917,37285,49724,25422,27880,22906,10081,793,549,70,53302
8,90003,90003,66266,4551,17484,17484,40598,51181,36135,37595,24417,15245,529,219,51,73730
9,90004,90004,62180,6544,22004,22004,49675,84325,29834,30707,21599,2188,132,15417,176,60541
10,90005,90005,37681,5027,16781,16781,38491,54841,20041,19691,9272,2290,206,13597,65,39732
11,90006,90006,59185,6529,19337,19337,37072,50157,29494,30082,20025,1897,514,10962,113,59576
12,90007,90007,40920,3240,11919,11919,27406,52447,21877,20556,15623,4548,289,8277,66,42433
13,90008,90008,32327,5524,14858,14858,43364,69070,13922,17832,5549,20675,79,1082,44,31754
14,90010,90010,3800,700,2029,2029,63112,82447,1822,2000,811,229,36,2491,36,3822
15,90011,90011,103892,7003,24433,24433,40940,52535,56227,54938,49665,8490,1392,647,66,111165
16,90012,90012,31103,5319,13216,13216,47027,74907,22600,13952,10194,5039,409,13686,95,36552
17,90013,90013,11772,1630,7308,7308,22316,65566,7969,4590,4699,3603,152,2217,88,12559
18,90014,90014,7005,1496,5644,5644,40641,67825,5206,3482,3907,2040,43,1648,13,8688
19,90015,90015,18986,1732,10270,10270,43890,80234,11517,11134,8764,1658,180,3570,10,22651
20,90016,90016,47596,6143,17218,17218,48715,66037,22920,22979,19652,13974,129,2441,49,45899
21,90017,90017,23768,2332,11510,11510,35605,63540,14905,12818,10630,2317,360,4630,68,27723
22,90018,90018,49310,6136,16568,16568,45984,67108,25864,27626,15244,15580,229,2680,157,53490
23,90019,90019,64458,8317,24464,24464,56389,85483,31779,32755,23625,12025,302,10877,97,64534
24,90020,90020,38967,3782,16396,16396,49068,76983,19172,20017,10703,2655,362,17714,195,39189
25,90021,90021,3951,264,1734,1734,21635,57715,1813,1132,1253,532,57,168,0,2945
26,90022,90022,67179,7040,17603,17603,46051,59342,33009,34005,34587,319,678,801,24,67014
27,90023,90023,45903,4772,11691,11691,42972,54607,23685,22995,26928,626,307,395,0,46680
28,90024,90024,47452,5833,16515,16515,65855,135393,22964,28663,30716,1282,112,14410,102,51627
29,90025,90025,42147,5881,22015,22015,87280,117163,24061,22822,29827,2045,213,9499,32,46883
30,90026,90026,67869,7056,26045,26045,65269,91250,35124,33782,30366,2926,1123,10166,173,68906
31,90027,90027,45151,6501,21668,21668,66947,103501,21731,23039,29628,1045,46,5887,95,44770
32,90028,90028,28714,3742,16403,16403,45499,67298,16031,13743,16599,2991,155,2985,10,29774
33,90029,90029,38617,4688,13997,13997,41998,60177,18469,18199,13143,1313,99,6410,105,36668
34,90031,90031,39316,5438,11739,11739,48479,70691,19501,20415,12523,668,756,9404,25,39916
35,90032,90032,45786,6594,13493,13493,57225,74960,23664,24367,18342,860,629,5340,19,48031
36,90033,90033,48852,5360,13303,13303,38266,50344,23620,25535,27990,940,515,2134,127,49155
37,90034,90034,57964,5016,25248,25248,75714,98799,27438,26423,28754,5618,187,10569,155,53861
38,90035,90035,28418,3910,11816,11816,89337,136176,13000,14272,20663,1770,8,2042,36,27272
39,90036,90036,36865,3487,18559,18559,80539,119531,17540,20425,25780,2321,59,6214,78,37965
40,90037,90037,62276,5602,17699,17699,35424,49627,33928,33712,30192,10910,960,742,0,67640
41,90038,90038,28917,2450,12229,12229,47116,63529,15315,13265,13510,1895,173,1446,7,28580
42,90039,90039,28514,4142,11685,11685,90538,124940,14774,14736,17045,404,771,4793,45,29510
43,90040,90040,12520,1670,3461,3461,47120,63795,5979,6349,8997,213,222,54,0,12328
44,90041,90041,27425,4773,9661,9661,85971,115593,13943,15147,14208,672,442,8392,134,29090
45,90042,90042,62430,7238,21017,21017,64267,87211,31144,32049,29527,1354,2385,8607,61,63193
46,90043,90043,44789,7396,17376,17376,54729,77169,22191,23682,9367,27935,289,657,89,45873
47,90044,90044,89779,8789,29029,29029,35981,51524,46908,52535,27796,32521,569,708,69,99443
48,90045,90045,39480,5409,15622,15622,104578,140825,19189,21378,25112,4872,188,5708,78,40567
49,90046,90046,48581,7145,29025,29025,72266,114923,27736,23164,40264,2450,153,3138,80,50900
50,90047,90047,48606,8029,17893,17893,52605,66946,22935,28476,10308,30788,191,310,80,51411
51,90048,90048,21397,3531,11636,11636,100586,148754,9723,11766,17024,768,91,1712,13,21489
52,90049,90049,35482,7372,16720,16720,129688,226246,16728,19690,31003,609,118,2886,0,36418
53,90056,90056,7827,1914,3412,3412,92656,125019,2963,4686,1281,5337,35,361,0,7649
54,90057,90057,44998,5129,17298,17298,37700,48449,27341,22811,17313,2161,722,9088,121,50152
55,90058,90058,3223,95,706,706,21964,37195,1138,1580,1854,190,0,3,7,2718
56,90059,90059,40952,3103,10906,10906,44838,56541,21894,24291,16112,12972,254,118,63,46185
57,90061,90061,26872,2677,7396,7396,42500,57231,13246,14627,12677,8074,611,190,13,27873
58,90062,90062,32821,3803,10063,10063,49443,67726,17201,18715,9469,11588,245,766,0,35916
59,90063,90063,55758,5767,13686,13686,48559,63963,26611,27369,21080,230,138,658,28,53980
60,90064,90064,25403,4369,11083,11083,102117,163066,12831,13094,18010,788,151,4740,38,25925
61,90065,90065,45527,6437,15414,15414,67479,98376,23218,23243,22497,1083,798,7488,4,46461
62,90066,90066,55277,8698,25785,25785,83899,117608,29805,29362,37410,2542,1032,8087,133,59167
63,90067,90067,2424,1252,1421,1421,118393,217532,1117,1311,1817,35,0,440,0,2428
64,90068,90068,22286,2857,11316,11316,88535,157859,10801,10291,16942,789,14,1384,11,21092
65,90069,90069,20483,3360,12488,12488,93380,145432,11873,8357,16330,656,53,1473,49,20230
66,90071,90071,15,7,119,119,61875,76692,85,41,54,32,0,40,0,126
67,90073,90073,539,210,0,0,-,-,858,95,479,247,14,109,0,953
68,90077,90077,9377,2209,3173,3173,209531,330006,4094,4288,6905,229,0,713,0,8382
70,90089,90089,3217,0,9,9,-,N,1819,1967,1929,279,0,1197,20,3786
72,90094,90094,5464,809,4361,4361,155417,210426,4592,5235,5497,949,0,2553,0,9827
73,90095,90095,3,0,0,0,-,-,0,0,0,0,0,0,0,0
74,90201,90201,101279,8402,24464,24464,44046,53867,51445,50520,80974,1252,363,600,112,101965
75,90210,90210,21741,5322,7936,7936,147270,285632,9380,9934,16672,229,26,1383,0,19314
76,90211,90211,8434,1351,3661,3661,86437,162837,3678,4341,6184,360,0,924,0,8019
77,90212,90212,11555,2390,5887,5887,95080,159462,6488,6826,10792,193,45,1327,0,13314
78,90220,90220,49328,5354,13206,13206,57074,66755,24735,28082,17271,17625,237,433,206,52817
79,90221,90221,53704,4610,12144,12144,51377,62433,26313,25375,19540,10961,146,457,102,51688
80,90222,90222,31869,2818,7979,7979,49894,61055,16443,16757,13334,7858,271,404,20,33200
81,90230,90230,31766,5330,13327,13327,85524,117862,15431,17256,19610,3316,61,5158,43,32687
82,90232,90232,15149,2144,6598,6598,90467,127786,7054,7726,9612,742,29,2609,0,14780
83,90240,90240,25876,3457,7544,7544,86383,111587,13052,13361,17757,365,222,1809,0,26413
84,90241,90241,42399,5499,13176,13176,72715,87522,21649,21566,27049,1043,156,3221,61,43215
85,90242,90242,43497,4515,12325,12325,71233,85792,20075,22619,23854,2392,197,2706,113,42694
86,90245,90245,16654,1757,6417,6417,109577,142202,8258,8473,12005,626,37,1701,9,16731
87,90247,90247,47487,6805,16001,16001,55561,71599,23667,24626,12456,8757,347,11638,18,48293
88,90248,90248,9947,2182,3777,3777,61448,85237,5560,6047,3632,1702,24,3191,47,11607
89,90249,90249,26669,4528,8826,8826,60669,79065,12847,13582,7600,6816,609,4121,688,26429
90,90250,90250,93193,8824,31905,31905,56304,75465,47533,49539,36489,22280,621,7520,631,97072
91,90254,90254,19506,2414,8956,8956,136702,206475,10501,9038,16526,192,120,1013,0,19539
92,90255,90255,75066,7276,18577,18577,44962,58611,37443,37576,51301,702,422,325,120,75019
93,90260,90260,34924,3874,10532,10532,65340,79633,17793,17034,15359,3302,57,4484,395,34827
94,90262,90262,69745,5311,15374,15374,52313,66975,34414,36122,41847,5631,485,570,95,70536
95,90263,90263,1612,0,0,0,-,-,770,1068,1078,110,0,416,9,1838
96,90265,90265,18116,4260,7391,7391,152378,263656,8949,9005,15887,271,65,691,27,17954
97,90266,90266,35135,6010,13427,13427,153023,251717,17155,18345,27766,191,79,4787,34,35500
98,90270,90270,27372,2288,6684,6684,44124,58118,13520,13767,20117,241,47,73,0,27287
99,90272,90272,22986,5149,8724,8724,192500,325745,10423,11206,18972,86,20,1251,6,21629
100,90274,90274,25209,6638,9153,9153,169919,256513,12189,12872,17259,259,8,6088,0,25061
101,90275,90275,41804,10760,15544,15544,138293,181323,20214,21932,23651,785,103,13179,367,42146
102,90277,90277,35293,5801,15844,15844,106185,146954,17080,17747,26165,1049,152,3759,1,34827
103,90278,90278,40071,4868,15312,15312,116783,151310,20545,19707,27440,1496,161,6172,62,40252
104,90280,90280,94396,9446,24071,24071,52321,65785,46826,47816,59504,646,571,520,183,94642
105,90290,90290,6368,1051,2275,2275,129772,170907,2783,2898,5037,127,0,358,0,5681
106,90291,90291,28341,3570,13692,13692,99652,156736,13856,13094,22114,1525,185,963,0,26950
107,90292,90292,21576,3572,12606,12606,114726,156006,12260,11289,17588,1782,0,2475,56,23549
108,90293,90293,12132,2081,6604,6604,105865,148294,6276,6452,8845,846,114,1678,0,12728
109,90301,90301,36568,4594,12046,12046,47464,62868,19135,19099,12012,11777,780,848,460,38234
110,90302,90302,29415,3030,10636,10636,51850,66681,13994,16023,8618,12833,178,690,10,30017
111,90303,90303,26176,2860,7048,7048,55897,72008,12045,12329,7695,8028,214,358,0,24374
112,90304,90304,28210,1671,6583,6583,49120,62376,13147,12799,12405,1007,195,889,346,25946
113,90305,90305,14853,2811,5814,5814,80165,96471,7073,7969,1174,12199,0,188,65,15042
114,90401,90401,6722,1333,4603,4603,82681,115568,3841,3270,5391,700,24,499,14,7111
115,90402,90402,12250,2992,4999,4999,154583,315026,5730,6152,10113,101,0,1067,0,11882
116,90403,90403,24525,4694,12739,12739,107420,149023,11394,12508,19137,613,20,2353,30,23902
117,90404,90404,21360,3308,9957,9957,78542,115409,11490,11439,15015,1707,80,3254,29,22929
118,90405,90405,27186,4507,13943,13943,95674,136893,14366,13790,21980,990,160,2193,28,28156
119,90501,90501,43180,5348,14242,14242,71712,90910,20663,21312,15008,2365,176,10523,135,41975
120,90502,90502,18010,3879,5975,5975,73826,98010,8974,8804,5688,1036,24,6705,25,17778
121,90503,90503,44383,7451,16647,16647,93063,117167,21583,23022,20194,1289,100,18479,375,44605
122,90504,90504,32102,5498,11685,11685,90210,109503,16144,17266,13198,1149,452,12565,140,33410
123,90505,90505,36678,6439,13992,13992,99764,126777,18080,19140,18610,855,288,13666,72,37220
124,90506,90506,0,0,0,0,-,-,0,0,0,0,0,0,0,0
125,90601,90601,31974,5179,10981,10981,76732,92842,15226,16827,16338,342,403,2326,0,32053
126,90602,90602,25777,2902,7643,7643,55216,76053,12726,12855,10728,527,118,1075,27,25581
127,90603,90603,20063,3529,6661,6661,103535,114683,10921,10663,14083,207,153,1417,0,21584
128,90604,90604,39407,5454,12432,12432,74944,88568,20818,22093,20898,455,317,2656,48,42911
129,90605,90605,40331,4944,10382,10382,78297,96664,20087,20105,18027,292,566,1907,177,40192
130,90606,90606,32396,4359,8996,8996,74986,87102,16743,16244,13374,286,415,682,99,32987
131,90620,90620,45113,7108,13142,13142,91512,108143,22218,24196,25020,1083,496,14542,512,46414
132,90621,90621,35153,3648,10366,10366,67650,83953,18329,17269,14536,1293,177,12116,323,35598
133,90623,90623,15554,2818,4845,4845,107480,127482,7786,7876,6299,727,32,7308,102,15662
134,90630,90630,47993,7454,15804,15804,93183,114859,23866,25339,24937,1893,237,17338,140,49205
135,90631,90631,67619,9516,21229,21229,83629,105671,33771,35293,39942,884,491,8553,0,69064
136,90638,90638,49012,8560,14350,14350,95723,108813,24009,25218,25180,883,299,10616,38,49227
137,90640,90640,62549,9340,18898,18898,56009,73941,30411,32319,35318,842,471,8622,40,62730
138,90650,90650,105549,12541,26964,26964,70667,83461,52545,52759,39322,4994,478,14431,728,105304
139,90660,90660,62928,9264,16852,16852,67636,80793,30077,32924,32910,635,376,1733,52,63001
140,90670,90670,14866,2472,4862,4862,71343,85445,7995,8705,7853,628,159,1161,9,16700
142,90701,90701,16591,2575,4468,4468,67765,83874,7886,8915,4735,850,60,6191,50,16801
143,90703,90703,49399,11702,15515,15515,105832,124258,25062,25527,10090,4341,172,29917,267,50589
144,90704,90704,4090,603,1553,1553,73287,88731,1998,1981,3243,4,0,17,1,3979
145,90706,90706,76615,8535,23240,23240,60011,76903,37604,39591,24423,10289,304,9449,428,77195
146,90710,90710,25457,4206,9230,9230,63907,84138,13311,14734,10775,3993,58,6160,554,28045
147,90712,90712,31499,4190,10338,10338,96634,108424,14962,16255,15401,3861,163,5942,139,31217
148,90713,90713,27925,3897,9111,9111,102970,114497,14118,14084,17092,1516,105,3825,525,28202
149,90715,90715,20388,2459,6018,6018,76105,90506,9674,10582,6949,1852,156,5461,219,20256
150,90716,90716,14184,1453,3670,3670,50149,57952,7261,7024,2866,577,73,1445,0,14285
151,90717,90717,21318,3700,8477,8477,71388,93904,10543,10965,12081,1325,170,3531,82,21508
152,90720,90720,21751,3980,7843,7843,106332,136620,10736,11525,15626,814,49,3102,38,22261
153,90723,90723,54099,4679,14207,14207,55670,64698,27491,27022,25717,4937,203,1688,370,54513
154,90731,90731,59662,8018,22695,22695,53456,79645,29853,30806,34014,4289,383,3299,117,60659
155,90732,90732,21115,4941,8810,8810,104567,120512,10837,11943,15087,1255,9,2876,100,22780
156,90740,90740,23729,9650,12550,12550,68947,109432,11293,13014,19254,556,77,2662,95,24307
159,90744,90744,53815,5381,14788,14788,50875,65582,28563,28317,30323,1672,1630,1828,262,56880
160,90745,90745,57251,8716,14936,14936,80176,97137,27920,29010,16747,4124,403,21330,1850,56930
161,90746,90746,25990,5766,8205,8205,89364,106260,13039,14036,4032,17270,188,2212,341,27075
162,90747,90747,0,0,0,0,-,-,0,0,0,0,0,0,0,0
163,90755,90755,11074,1495,4743,4743,75426,95685,5205,6340,5696,1305,8,2910,21,11545
164,90802,90802,39347,3645,20756,20756,54616,72678,20513,18449,23085,5558,598,3067,167,38962
165,90803,90803,32031,6479,16718,16718,90278,124551,15575,16551,25631,1346,158,2485,28,32126
166,90804,90804,40311,3023,14955,14955,52948,70607,19245,19994,21774,4898,388,6392,64,39239
167,90805,90805,93524,8429,27354,27354,50914,64669,46711,49284,24242,17815,1134,10201,1779,95995
168,90806,90806,42399,3937,12788,12788,54437,68969,20762,21228,19681,7006,379,8055,448,41990
169,90807,90807,31481,5363,12741,12741,78948,105802,16291,15911,15772,5021,90,4970,153,32202
170,90808,90808,38232,6290,13916,13916,110625,134422,19492,19838,28106,2011,516,3956,97,39330
171,90810,90810,36735,4337,9400,9400,60227,76205,18056,19195,15045,3912,262,8720,732,37251
172,90813,90813,58911,4496,17192,17192,38449,51358,29354,29026,27784,7070,1147,7428,248,58380
173,90814,90814,19131,2481,9165,9165,73391,94715,9212,10473,12954,2472,105,1871,146,19685
174,90815,90815,39733,6123,14556,14556,94559,119858,20155,21157,29961,2573,185,5155,45,41312
175,90822,90822,117,88,0,0,-,-,111,22,111,15,0,4,0,133
176,90831,90831,0,0,0,0,-,-,0,0,0,0,0,0,0,0
177,91001,91001,36126,6839,12669,12669,101061,141230,18596,19222,18854,9735,331,2108,64,37818
178,91006,91006,31715,6020,10575,10575,103224,136982,15966,16992,9640,426,61,19917,224,32958
179,91007,91007,34095,7262,11657,11657,83964,113517,16004,18112,10077,817,22,20284,29,34116
180,91008,91008,1391,398,426,426,96500,167073,488,596,683,18,13,316,0,1084
181,91010,91010,26074,4564,8060,8060,74738,96679,12287,14093,14386,1695,270,4037,18,26380
182,91011,91011,20280,3772,6434,6434,175652,254728,9831,10470,12249,154,0,6317,0,20301
183,91016,91016,40598,5896,14318,14318,77622,99260,19997,21108,25895,2209,172,6196,426,41105
184,91020,91020,8415,1414,3524,3524,67742,80793,4105,4528,5264,101,42,2049,85,8633
185,91024,91024,10917,2503,4664,4664,100988,140463,5077,5855,8603,112,41,1661,0,10932
186,91030,91030,25616,3574,9815,9815,104432,156657,12570,13067,14215,922,59,7818,0,25637
187,91040,91040,20372,3933,7339,7339,86594,105143,9900,10149,15578,244,156,2315,0,20049
188,91042,91042,27585,4472,9961,9961,64532,82384,13237,13729,21084,620,78,2187,3,26966
189,91046,91046,156,148,95,95,-,47632,91,67,134,0,0,0,24,158
190,91101,91101,20460,2899,10739,10739,70075,88213,9680,11715,11011,1485,158,5284,33,21395
191,91103,91103,27480,4285,8515,8515,71231,117660,13143,14516,10556,4338,87,2701,19,27659
192,91104,91104,36751,5733,13164,13164,77919,109067,17951,19923,20870,2816,151,3914,201,37874
193,91105,91105,11254,3322,5505,5505,131158,175410,6120,6497,8435,730,27,2184,0,12617
194,91106,91106,24229,3258,10665,10665,82211,116786,12715,12828,12930,1802,66,5702,4,25543
195,91107,91107,32940,6020,12466,12466,102850,138128,15946,16557,18330,1714,42,8144,50,32503
196,91108,91108,13361,2801,4582,4582,165765,230810,6540,6835,4338,246,0,7979,27,13375
197,91201,91201,22781,4107,8309,8309,60101,92158,10671,12610,19392,339,106,1729,68,23281
198,91202,91202,22830,4777,8903,8903,75703,101777,10859,12486,17826,753,9,3291,0,23345
199,91203,91203,13220,2039,6110,6110,61071,81107,7411,7999,10826,350,77,2917,72,15410
200,91204,91204,16032,2920,6485,6485,49122,69009,9084,9639,13617,581,81,2588,0,18723
201,91205,91205,37810,6964,14382,14382,44835,66305,17452,20186,28378,660,51,5611,79,37638
202,91206,91206,33065,6486,13372,13372,70141,95022,16132,18607,25161,573,37,6781,16,34739
203,91207,91207,10506,1977,4081,4081,85956,138383,5230,5801,9447,87,0,995,0,11031
204,91208,91208,16245,2632,5855,5855,108374,150009,7522,8338,11207,86,46,3013,0,15860
205,91210,91210,328,9,228,228,135741,168220,308,221,366,10,0,141,0,529
206,91214,91214,30356,4995,10357,10357,104981,127997,14687,16100,19065,131,14,8788,22,30787
207,91301,91301,25488,4322,9295,9295,124012,181113,12929,13405,21756,718,7,1934,0,26334
208,91302,91302,25709,4876,9488,9488,133996,224281,12940,13772,22476,318,211,2200,0,26712
209,91303,91303,26855,2335,10097,10097,61250,77582,15906,15680,14808,967,141,3687,11,31586
210,91304,91304,50231,7532,17508,17508,70505,96794,26904,27457,26992,2709,133,8346,57,54361
211,91306,91306,45061,6260,14654,14654,69917,86522,24715,24963,21784,1983,176,8293,130,49678
212,91307,91307,24474,4482,8650,8650,120474,150111,12896,13445,18568,995,101,4389,3,26341
213,91311,91311,36557,7423,14283,14283,91897,116153,20289,20550,25622,2159,191,6502,95,40839
214,91316,91316,26898,5381,12409,12409,76978,114634,14136,16363,25595,806,6,2393,0,30499
215,91320,91320,44274,7149,14971,14971,118986,150243,22326,22642,36682,632,71,5531,10,44968
216,91321,91321,34882,4657,10781,10781,73187,96284,16896,17118,24625,1019,266,2723,55,34014
217,91324,91324,27669,4905,10012,10012,80260,102937,15959,13711,16090,1507,104,5614,79,29670
218,91325,91325,32417,4711,11920,11920,71400,99168,16614,17961,18638,2489,57,5477,53,34575
219,91326,91326,33708,7688,12778,12778,117590,146708,18047,18292,18622,1895,136,12176,20,36339
220,91330,91330,2702,0,0,0,-,-,1250,2007,1555,491,0,605,23,3257
221,91331,91331,103689,10962,23447,23447,63807,79356,52761,52697,62078,3228,643,5412,56,105458
222,91335,91335,74363,10421,24391,24391,63748,83683,40184,41640,44042,3567,724,10079,175,81824
223,91340,91340,34188,3982,8886,8886,57398,74010,17781,18375,23528,538,284,607,6,36156
224,91342,91342,91725,11582,25121,25121,74050,87775,46949,47646,71067,3645,617,5044,32,94595
225,91343,91343,60254,6956,18035,18035,66661,88520,32289,34454,26226,2998,189,10067,134,66743
226,91344,91344,51747,9389,17037,17037,96162,118496,27002,26611,33631,1986,340,9575,53,53613
227,91345,91345,18496,2901,5402,5402,77273,89107,9652,9493,8696,190,156,2030,253,19145
228,91350,91350,33348,4305,11402,11402,117707,129627,18209,17964,26950,1149,198,4319,81,36173
229,91351,91351,32362,3469,10076,10076,81758,98320,16406,16305,23095,1110,450,2984,4,32711
230,91352,91352,47807,5904,12436,12436,57145,75344,23219,23857,32184,807,201,2419,17,47076
231,91354,91354,28722,3200,10444,10444,128308,151516,15864,16680,22424,1311,187,5911,8,32544
232,91355,91355,32605,4729,11709,11709,95696,114928,15527,14999,22243,1098,66,3295,18,30526
233,91356,91356,29458,6084,11802,11802,76929,130602,14483,15339,23164,2101,49,1735,6,29822
235,91361,91361,20438,5136,8556,8556,119303,189511,9622,10636,17562,379,68,1295,0,20258
236,91362,91362,36045,7248,13519,13519,117566,163157,17697,18907,30263,549,222,3471,27,36604
237,91364,91364,25851,5297,10648,10648,106225,148145,13825,14146,21836,1584,146,1904,0,27971
238,91367,91367,39499,7402,18433,18433,96085,128000,21723,24247,33188,1932,90,6427,61,45970
241,91381,91381,20158,1851,6554,6554,135357,165908,9651,9739,11519,760,76,4880,0,19390
242,91384,91384,29855,2415,7091,7091,112122,126841,17228,11984,19974,1806,529,2259,94,29212
243,91387,91387,40328,4072,12815,12815,98371,117766,20726,21308,27680,2551,470,4180,22,42034
244,91390,91390,19786,2384,6000,6000,120617,140359,10049,9119,15315,403,184,1380,7,19168
245,91401,91401,39285,4562,14933,14933,53882,82206,19499,20256,25134,2167,264,2085,46,39755
246,91402,91402,69817,7171,19839,19839,45796,61057,35712,36347,24748,2652,374,10471,48,72059
247,91403,91403,23484,3772,11400,11400,104802,152702,12459,12697,19715,1745,79,1967,15,25156
248,91405,91405,51145,5599,18246,18246,47037,65549,26917,28589,23097,2738,117,4016,24,55506
249,91406,91406,51558,5712,18398,18398,59472,78692,27763,27127,23863,2476,220,4959,7,54890
250,91411,91411,24628,2829,9493,9493,58605,80619,12850,13261,17019,1460,7,1961,21,26111
251,91423,91423,30991,4608,15085,15085,90931,143054,15936,17236,26329,2155,34,2013,0,33172
252,91436,91436,14372,3391,5600,5600,174085,244065,7284,8008,13405,237,29,836,20,15292
253,91501,91501,20849,3616,8057,8057,67817,94589,9925,10586,16031,556,100,1639,0,20511
254,91502,91502,11371,1871,5071,5071,47148,61473,4901,5807,7117,320,38,1705,0,10708
255,91504,91504,24939,3777,9387,9387,83994,120326,13272,13477,18180,960,85,3700,8,26749
256,91505,91505,30778,4235,12902,12902,87138,112348,14965,15937,22140,1131,408,3658,4,30902
257,91506,91506,18904,2972,7522,7522,81597,107471,8570,10021,13695,265,175,2242,11,18591
258,91601,91601,37180,3676,16710,16710,53911,75916,19056,17785,26049,2747,80,2676,52,36841
259,91602,91602,17473,2305,9813,9813,84008,112285,9539,10133,14269,1021,81,1652,88,19672
260,91604,91604,29034,5011,14641,14641,111341,171012,16163,16747,26268,1551,100,2749,72,32910
261,91605,91605,56343,5720,16271,16271,50623,69678,26667,26446,32596,1888,432,4707,1,53113
262,91606,91606,44958,5546,15401,15401,50155,68314,22505,21790,30603,1902,111,2286,296,44295
263,91607,91607,27927,4867,13607,13607,71691,95171,14882,15729,23942,1865,62,1969,13,30611
264,91608,91608,0,0,10,10,-,N,11,10,21,0,0,0,0,21
266,91702,91702,59705,6114,15502,15502,68852,83541,30068,31998,32882,2014,959,7023,139,62066
267,91706,91706,76571,9395,18328,18328,65755,77187,38765,38165,32382,1166,1185,14747,362,76930
269,91709,91709,74796,9235,25289,25289,106347,123380,39281,41420,38524,3006,588,28396,85,80701
270,91710,91710,80358,11005,22758,22758,81892,98145,52507,39266,49846,4839,465,12993,685,91773
271,91711,91711,35705,7057,11997,11997,101270,131072,17509,19268,23497,1863,352,5318,18,36777
272,91722,91722,34409,4548,9841,9841,80089,89195,16854,17777,18757,791,122,4626,89,34631
273,91723,91723,18275,2348,6233,6233,64422,81418,8935,9586,10758,548,829,1559,0,18521
274,91724,91724,26184,3919,8094,8094,82976,103268,13260,13457,15035,1111,328,4404,21,26717
276,91731,91731,29591,4675,8263,8263,42293,56416,15160,15062,11478,118,345,8694,454,30222
277,91732,91732,61386,7831,16066,16066,51268,67194,31144,31761,25455,395,509,18275,185,62905
278,91733,91733,43896,5660,11026,11026,50691,63393,22818,22547,18714,214,348,9377,302,45365
281,91740,91740,25356,4144,8308,8308,85590,102709,12648,13229,17536,769,206,2668,54,25877
282,91741,91741,25824,4448,8896,8896,110430,141379,12934,13860,19670,228,83,3388,88,26794
283,91744,91744,85040,10142,18969,18969,71243,83006,42896,42525,33464,1202,610,10209,257,85421
284,91745,91745,54013,10430,16324,16324,85975,108564,27878,27324,20272,613,389,22244,68,55202
285,91746,91746,30485,3906,6670,6670,70825,81946,14513,15196,11630,323,205,3639,29,29709
286,91748,91748,45406,8258,13558,13558,74438,93315,23225,23854,9225,629,228,29466,152,47079
287,91750,91750,33249,6905,12110,12110,89360,114896,16518,17611,25253,1226,224,3145,10,34129
289,91754,91754,32742,7272,11290,11290,63909,87367,15842,17794,5087,223,119,20646,106,33636
290,91755,91755,27496,5629,8665,8665,58411,83612,13199,13604,3396,192,212,19030,179,26803
291,91759,91759,476,97,157,157,71042,81754,146,161,296,6,5,0,0,307
293,91762,91762,55857,6466,17636,17636,60293,75454,30071,31647,29724,3059,725,3745,127,61718
294,91763,91763,36375,4180,10233,10233,62386,73967,19048,19815,19059,1249,400,4121,100,38863
296,91765,91765,46457,7886,15119,15119,100480,121124,22633,23960,13130,1925,116,26928,62,46593
297,91766,91766,71599,7218,17987,17987,59819,77007,36585,35763,34902,2931,1540,9309,7,72348
298,91767,91767,48068,5868,14065,14065,62153,76865,24650,25956,25198,3873,1102,3855,80,50606
299,91768,91768,34537,3501,8045,8045,56002,71836,17085,18106,16434,1889,1057,2521,77,35191
300,91770,91770,62097,10731,16648,16648,59776,74820,30918,31785,9584,382,367,38187,5,62703
301,91773,91773,33119,6499,11387,11387,86201,104790,15802,18205,24243,656,214,4816,170,34007
302,91775,91775,23988,4439,8113,8113,86415,113622,12165,12839,7589,321,153,12813,7,25004
303,91776,91776,38475,6368,11713,11713,58658,76063,18803,19861,6039,199,53,24609,70,38664
304,91780,91780,34332,5653,11355,11355,75672,94944,16734,18399,8187,228,137,21895,182,35133
305,91784,91784,25938,5165,9023,9023,130421,155319,12438,13652,19010,725,163,3271,0,26090
306,91786,91786,51165,6816,19107,19107,61898,74702,25733,27964,32510,3788,405,4041,96,53697
307,91789,91789,43079,8650,13348,13348,101841,125549,21260,23180,9954,1516,255,27162,121,44440
308,91790,91790,44907,6492,12254,12254,82128,98317,22166,23278,18007,1279,465,10230,359,45444
309,91791,91791,32414,5839,10080,10080,84530,102623,16326,17071,12565,1292,179,9010,9,33397
310,91792,91792,30854,4426,8585,8585,82954,93202,13980,15639,7386,1967,83,12530,77,29619
311,91801,91801,52735,9609,20065,20065,60519,85655,26117,28651,11682,1392,308,28739,209,54768
312,91803,91803,30322,5526,9644,9644,63264,85770,14867,14700,7678,502,92,14283,10,29567
468,92301,92301,32725,2050,7956,7956,44574,57223,18407,15843,21570,6383,155,602,66,34250
510,92372,92372,6220,1168,2077,2077,54493,83671,2845,3226,5382,0,0,345,41,6071
525,92397,92397,4894,1003,1792,1792,68640,92411,2353,2209,4211,12,22,25,6,4562
592,92647,92647,57245,8497,21452,21452,87237,107414,31540,30659,37992,1427,580,7591,410,62199
593,92648,92648,45317,7990,19540,19540,95857,136946,23700,22528,35334,365,135,5478,205,46228
594,92649,92649,32463,6783,14339,14339,100341,131623,17768,17510,26424,335,156,4368,56,35278
611,92683,92683,89747,15672,27634,27634,62617,89346,44436,46669,33510,1337,391,44081,315,91105
625,92801,92801,62068,6837,17921,17921,63046,78261,32421,34173,41152,3009,454,11041,218,66594
628,92805,92805,70401,5442,19611,19611,66253,80892,36677,37801,54818,874,231,7901,138,74478
632,92821,92821,35533,5436,13750,13750,91531,112103,17982,19730,26493,709,353,7191,80,37712
633,92823,92823,3613,534,1458,1458,151071,169709,2384,2488,2236,61,0,2133,0,4872
634,92831,92831,34204,3641,12438,12438,70725,95826,19146,18213,25356,1013,92,6497,66,37359
635,92832,92832,24752,2897,8322,8322,65455,84388,12924,12913,16028,1204,142,2460,130,25837
636,92833,92833,51767,6951,16310,16310,82465,103997,26179,26256,24661,911,269,19095,166,52435
637,92835,92835,24010,4944,8513,8513,113345,148589,11127,12401,15046,346,23,5759,28,23528
656,92886,92886,46564,9152,16816,16816,125359,156371,24421,26363,37467,486,94,9816,53,50784
708,93225,93225,5077,976,1942,1942,45818,57141,2325,2457,4456,0,51,54,0,4782
718,93243,93243,1699,216,676,676,44219,50402,771,761,1089,0,195,163,0,1532
800,93510,93510,7993,1195,2608,2608,105714,128322,3960,3684,6689,83,12,244,0,7644
809,93523,93523,3074,183,1161,1161,62760,78613,1870,1686,2738,187,0,159,9,3556
817,93532,93532,2932,402,976,976,64969,89457,1511,1172,2143,56,41,89,0,2683
818,93534,93534,39341,5061,14161,14161,41537,51358,18355,21012,22616,9822,235,1501,52,39367
819,93535,93535,72046,6809,21334,21334,46600,57883,36797,37467,48563,14874,323,2542,15,74264
820,93536,93536,70918,8187,21427,21427,79990,96244,37373,32864,46489,10408,763,3909,93,70237
822,93543,93543,13033,1942,3698,3698,51719,69707,7222,7170,8216,640,185,213,0,14392
823,93544,93544,1259,394,554,554,43913,65881,699,465,917,150,0,0,0,1164
827,93550,93550,74929,6590,21548,21548,45918,58411,37463,40043,31294,10835,1719,2013,409,77506
828,93551,93551,50798,6495,15771,15771,93055,110689,24633,25968,29782,5351,469,4443,178,50601
829,93552,93552,38158,3408,9806,9806,65728,77710,20487,19418,18265,4844,446,1469,42,39905
830,93553,93553,2138,455,670,670,51630,73218,801,908,1004,18,0,12,0,1709
834,93560,93560,18910,1964,7148,7148,60743,77274,11194,10562,15051,1828,264,309,22,21756
837,93563,93563,388,99,96,96,-,148578,233,124,281,38,6,10,0,357
838,93591,93591,7285,652,1948,1948,47453,57337,2978,3766,4017,544,14,51,0,6744
